labels,url
Apple,https://www.apple.com/
Microsoft,https://www.microsoft.com/
Amazon,https://www.amazon.com/
Meta Platforms,https://about.meta.com/
NVIDIA,https://www.nvidia.com/
Tesla,https://www.tesla.com/
Netflix,https://www.netflix.com/
Adobe,https://www.adobe.com/
Intel,https://www.intel.com/
Cisco Systems,https://www.cisco.com/
Broadcom,https://www.broadcom.com/
Costco,https://www.costco.com/
AMD,https://www.amd.com/
Qualcomm,https://www.qualcomm.com/
Texas Instruments,https://www.ti.com/
Intuit,https://www.intuit.com/
Booking Holdings,https://www.bookingholdings.com/
Starbucks,https://www.starbucks.com/
Gilead Sciences,https://www.gilead.com/
Amgen,https://www.amgen.com/
Mondelez International,https://www.mondelezinternational.com/
Moderna,https://www.modernatx.com/
Regeneron Pharmaceuticals,https://www.regeneron.com/
Analog Devices,https://www.analog.com/
Lam Research,https://www.lamresearch.com/
Micron Technology,https://www.micron.com/
Applied Materials,https://www.appliedmaterials.com/
PayPal,https://www.paypal.com/
Marriott International,https://www.marriott.com/
KLA Corporation,https://www.kla.com/
Palo Alto Networks,https://www.paloaltonetworks.com/
ASML Holding,https://www.asml.com/
Synopsys,https://www.synopsys.com/
Cadence Design Systems,https://www.cadence.com/
Illumina,https://www.illumina.com/
Vertex Pharmaceuticals,https://www.vrtx.com/
Biogen,https://www.biogen.com/
Marvell Technology,https://www.marvell.com/
CrowdStrike,https://www.crowdstrike.com/
Fortinet,https://www.fortinet.com/
Datadog,https://www.datadoghq.com/
Zoom Video Communications,https://zoom.us/
DocuSign,https://www.docusign.com/
Zscaler,https://www.zscaler.com/
Splunk,https://www.splunk.com/
Workday,https://www.workday.com/
ceNow,https://www.servicenow.com/
Atlassian,https://www.atlassian.com/
MongoDB,https://www.mongodb.com/
Snowflake,https://www.snowflake.com/
Cloudflare,https://www.cloudflare.com/
Okta,https://www.okta.com/
Roku,https://www.roku.com/
Trade Desk,https://www.thetradedesk.com/
DoorDash,https://www.doordash.com/
Airbnb,https://www.airbnb.com/
Uber Technologies,https://www.uber.com/
Lyft,https://www.lyft.com/
Pinterest,https://www.pinterest.com/
Snap,https://www.snap.com/
Spotify Technology,https://www.spotify.com/
Electronic Arts,https://www.ea.com/
Activision Blizzard,https://www.activisionblizzard.com/
Take-Two Interactive,https://www.take2games.com/
Roblox,https://www.roblox.com/
Unity Software,https://www.unity.com/
Copart,https://www.copart.com/
O'Reilly Automotive,https://www.oreillyauto.com/
Ross Stores,https://www.rossstores.com/
Dollar Tree,https://www.dollartree.com/
Walgreens Boots Alliance,https://www.walgreensbootsalliance.com/
eBay,https://www.ebay.com/
MercadoLibre,https://www.mercadolibre.com/
JD.com,https://www.jd.com/
Pinduoduo,https://www.pinduoduo.com/
Baidu,https://www.baidu.com/
NetEase,https://www.neteasegames.com/
NIO,https://www.nio.com/
Lululemon Athletica,https://www.lululemon.com/
Monster Beverage,https://www.monsterbevcorp.com/
Keurig Dr Pepper,https://www.keurigdrpepper.com/
Kraft Heinz,https://www.kraftheinzcompany.com/
Sirius XM,https://www.siriusxm.com/
Charter Communications,https://www.charter.com/
T-Mobile US,https://www.t-mobile.com/
American Electric Power,https://www.aep.com/
Xcel Energy,https://www.xcelenergy.com/
Exelon,https://www.exeloncorp.com/
Verisk Analytics,https://www.verisk.com/
IDEXX Laboratories,https://www.idexx.com/
Dexcom,https://www.dexcom.com/
Align Technology,https://www.aligntech.com/
Intuitive Surgical,https://www.intuitive.com/
Cognizant Technology Solutions,https://www.cognizant.com/
Paychex,https://www.paychex.com/
